ID,MovieID,Rating
1,30878,4
1,2647871,4
1,1283744,3
1,2488120,5
1,317050,5
1,1904905,4
1,1989766,4
1,14756,4
1,1027056,3
1,1149588,4
1,1394012,5
1,1406595,4
1,2529547,5
1,1682104,4
1,2625019,3
1,2603381,5
1,1774623,4
1,470861,5
1,712610,4
1,1772839,5
1,1059319,3
1,2380848,5
1,548064,5
2,1959936,5
2,748922,5
2,1131325,2
2,1312846,3
2,2314531,4
2,1636093,5
2,584750,3
2,2418486,4
2,715897,5
2,1172326,5
3,2344483,4
3,2229289,4
3,311641,1
3,2428502,4
3,475143,4
3,44402,4
3,47512,4
3,1246260,3
3,1148318,4
3,307313,5
3,1434479,5
3,1043428,2
3,2477231,4
3,349821,4
3,1514528,4
3,1641505,4
3,1993442,5
3,114072,5
3,2561674,1
3,2390623,3
3,2251677,2
3,2297310,5
3,823979,3
3,1543897,4
3,1347925,4
3,177678,4
3,1822229,5
3,2081473,4
4,410199,5
4,2434289,2
4,2498512,4
4,2573419,3
5,2101722,4
5,2187025,2
5,2064033,1
5,2469155,5
5,1293611,5
5,467152,5
5,2425992,4
5,952944,3
5,1919770,4
5,100750,5
5,927276,5
5,1722346,5
5,1670942,3
5,430715,4
5,1407684,5
5,401117,3
5,2573143,4
5,382445,4
5,485369,4
5,70199,4
5,1207257,5
5,358664,5
5,2620775,4
5,1160178,5
5,1595756,4
5,2145693,5
5,2170665,5
5,409927,5
5,81979,5
5,1866900,5
5,1794541,5
5,1146126,5
5,1597116,5
5,2203182,1
5,553668,5
5,2194429,1
5,959168,3
5,1488781,5
5,221630,1
5,966156,5
5,2022147,4
5,2300421,3
5,755078,5
5,2604633,2
5,209999,5
5,258801,5
5,760104,5
5,2118727,4
5,2629637,5
5,1210905,5
5,691460,3
5,1496861,4
5,1874618,1
5,1808686,5
5,789965,4
5,2498681,5
5,1132285,3
5,368977,5
5,1210948,3
5,1203279,5
5,1128196,3
5,1117357,3
5,1538319,4
5,2311028,1
6,468582,4
6,266808,2
6,631857,1
6,113867,1
6,688463,5
6,2029758,3
6,1118398,3
6,320468,4
6,1948924,3
6,1351631,3
6,2640999,1
6,942444,4
6,1005654,5
6,1064641,1
6,1254977,3
6,1641063,4
6,2107976,3
6,1875222,4
6,2452707,3
6,793852,2
6,212870,4
6,2039559,5
6,1600311,1
6,244931,5
6,189162,4
6,1063699,5
6,284410,1
6,94660,5
6,2498382,3
6,1333911,4
6,1790163,1
6,1797692,5
6,2352259,4
6,123354,2
6,2498356,4
6,682051,3
7,697116,3
7,1550847,4
7,1029108,1
8,1729814,5
8,581894,3
8,2452344,3
8,1510648,5
8,1457155,1
8,868399,3
8,1935656,3
8,2381563,5
8,643582,4
8,1581016,2
8,2157566,4
8,892157,5
8,1850750,5
8,1337982,1
8,278596,5
8,1649154,5
8,343920,5
8,1368356,5
8,2530578,3
8,1991127,3
8,2456589,1
8,2622152,5
8,2430016,4
8,897928,5
8,1721970,2
8,1644477,1
8,1126703,5
8,675134,2
8,1101769,1
8,2472811,2
8,1751197,3
8,682831,5
8,955734,5
8,2607358,1
8,1505888,3
8,1183392,3
8,2631960,3
8,1699980,5
8,1500364,5
8,132387,4
8,1042749,5
8,1481149,2
8,168696,5
8,2339293,4
8,2492480,4
8,96083,5
8,2355791,2
8,1159974,4
8,202305,5
8,2094020,5
8,1961028,4
8,2216429,3
8,292911,4
8,996157,4
8,914421,2
8,2297948,3
8,125163,4
8,332654,5
8,2039450,2
8,35647,1
8,563887,2
8,423270,3
8,2354054,4
8,338649,1
8,2572113,5
8,907557,2
8,409592,2
8,1363869,4
8,79103,4
8,621536,4
8,1960330,1
8,993142,2
8,2585913,5
8,2300806,3
8,2629028,5
8,1724717,2
8,2458381,4
8,1943333,3
8,1709367,5
8,1359572,3
8,172412,4
8,2597911,1
8,102465,1
8,2222702,5
8,1848634,4
8,1631490,2
8,1812260,4
8,2647532,3
8,1822582,1
8,1338697,5
8,229028,1
8,642478,3
8,169906,4
8,1068538,3
8,427769,5
8,843610,5
8,1895310,5
8,1078043,2
8,1124822,4
8,2010778,3
8,96706,3
8,1226969,5
8,1333434,5
8,1123668,5
8,541383,5
8,2239691,5
8,1898399,3
8,85908,4
8,400737,2
8,2556196,3
8,837656,3
8,1509265,3
8,1604647,3
8,295528,3
8,2576108,1
8,1786541,3
8,994769,2
8,1664851,5
8,1488177,5
8,1295417,3
8,822869,4
8,1825329,4
8,1982047,1
8,1196016,4
8,1587012,4
8,1530313,3
8,1170703,5
8,1796971,5
8,452444,2
8,2002803,3
8,395036,1
8,1816191,5
8,2117067,5
8,394017,5
8,153743,3
8,2420478,4
8,271907,3
8,1205946,4
8,1489493,1
8,1976406,4
8,960527,1
8,772946,5
8,2221136,2
8,1941733,5
8,2543215,2
8,1921856,5
8,2106063,2
8,645375,2
8,2182683,2
8,468044,4
8,392334,4
8,956820,3
8,1984381,1
8,2412799,2
8,1475650,4
8,2230416,3
8,905074,2
8,344986,2
8,1928399,5
8,286153,4
8,757762,2
8,2010250,2
8,1815850,5
8,1884090,3
8,884291,4
8,67923,2
8,2575623,2
8,2233742,3
8,2000388,1
8,1554644,3
8,1743430,5
8,1593992,5
8,2291871,1
8,244961,5
8,379784,3
8,1185265,1
8,2393918,3
8,1290434,5
8,401344,5
8,502846,5
8,1669517,2
8,1581674,2
8,570717,5
8,1606587,3
8,207131,3
8,409948,4
8,1361846,3
8,2578387,5
8,530018,3
8,721924,5
8,556756,5
8,342803,3
8,574754,4
8,2328513,2
8,183291,1
8,1787066,3
8,2485470,3
8,1383905,4
8,1656573,4
8,1927066,4
8,156552,2
8,464029,2
8,848905,4
8,1857762,3
8,2452817,5
8,823699,5
8,115237,1
8,558830,4
8,72629,5
8,2127518,5
8,567870,4
8,2337730,3
8,1534254,5
8,2369983,5
8,2397677,2
8,2103180,5
8,2169112,5
8,765678,5
8,79508,4
8,1357762,3
8,2144214,5
8,1865666,3
8,2028996,3
8,305768,4
8,52439,1
8,2319181,4
8,422224,2
8,695,1
8,1608703,2
8,1562704,1
8,943873,3
8,744814,4
8,1163016,3
8,1772918,3
8,1037849,2
8,2003182,1
8,2006219,5
8,2124755,3
8,902718,2
8,2011304,5
8,1816136,3
8,358190,5
8,914221,1
8,401694,4
8,1513947,3
8,1899543,3
8,2537449,3
8,988502,3
8,2400029,3
8,1107050,2
8,1100997,3
8,714322,3
8,294809,3
8,2266549,5
8,2251830,5
8,1066008,5
8,2161918,5
8,1040462,2
8,1841371,3
8,1146804,3
8,1496433,1
8,1145558,4
8,2337151,4
8,1541676,5
8,283883,3
8,1954543,5
8,2272333,4
8,968166,5
8,1390025,4
8,967637,3
8,972700,5
8,2109179,5
8,2045407,5
8,977820,4
8,800306,2
8,1060311,3
8,189417,3
8,99865,2
8,619497,5
8,2633545,3
8,1692512,4
8,1167883,4
8,724101,5
8,2612939,1
8,2533424,3
8,772267,3
8,132677,4
8,565639,3
8,2337434,3
8,1968479,3
8,1635187,4
8,2121132,4
8,156406,5
8,1914939,4
8,2444455,4
8,2270634,4
8,2097186,3
8,2384817,1
8,612143,5
8,73989,4
8,394181,3
8,345548,4
8,1681810,3
8,957960,4
8,932168,3
8,152946,5
8,2517159,4
8,860642,1
8,482082,5
8,1498250,4
8,336680,5
8,1431924,5
8,811073,3
8,2532276,2
8,189397,3
8,553636,3
8,1464163,1
8,2597173,4
8,1992224,4
8,2290335,4
8,33066,3
8,87033,5
8,2071601,4
8,528343,3
8,1867068,5
8,428531,2
8,2514501,2
8,1605680,1
8,1853144,2
8,233923,1
8,1306989,1
8,582027,4
8,580861,3
8,2107504,4
8,615183,5
8,975886,3
8,2107067,1
8,1728469,5
8,1368684,3
8,1979409,5
8,800944,3
8,1756003,2
8,531698,5
8,658636,5
8,466631,5
8,2649033,4
8,2499854,4
8,2100637,1
8,2440399,1
8,530179,3
8,1122018,4
8,1484776,3
8,193751,3
8,2586040,2
8,219897,5
8,2314195,5
8,1202723,3
8,1881585,3
8,1461736,4
8,2526896,3
8,2260480,3
8,862298,4
8,2552455,4
8,1056337,2
8,530203,4
8,1612106,1
8,2563844,3
8,730138,3
8,89827,5
8,995259,5
8,1014783,2
8,177761,5
8,1592828,5
8,2571158,1
8,1768251,1
8,2105500,3
8,2339555,1
8,1916499,4
8,1330456,5
8,702226,2
8,1214640,3
8,399906,3
8,871249,2
8,1696597,4
8,1632291,3
8,1455142,5
8,1036694,4
8,912285,5
8,174218,5
8,1457016,1
8,329790,3
8,2461028,4
8,1484800,2
8,1941811,3
8,1317142,3
8,2593657,1
8,712618,5
8,1062201,5
8,810735,4
8,476496,3
8,2136143,1
8,2427583,4
8,1384664,2
8,17713,4
8,2426720,3
8,1645029,2
8,2375458,5
8,1112280,1
8,555120,3
8,1325888,4
8,2606388,5
8,193689,5
8,2538611,5
8,1010271,4
8,1359830,2
8,855984,4
8,1423177,4
8,2216911,4
8,1323988,4
8,1819096,4
8,360128,3
8,2038806,5
8,2462654,2
8,833204,2
8,2446710,2
8,901416,2
8,2471921,1
8,1846216,2
8,2503032,4
8,1502807,1
8,2130045,3
8,1568281,3
8,472173,3
8,256316,1
8,2218777,5
8,871377,4
8,1500833,4
8,510288,5
8,2281524,3
8,1608442,4
8,708873,2
8,1413839,1
8,927324,5
8,1996345,5
8,2563416,4
8,1595607,5
8,1620059,3
8,876199,4
8,268601,4
8,2330302,3
8,531541,1
8,1436204,5
8,1946310,1
8,362829,4
8,412761,3
8,1518853,5
8,1104511,3
8,193010,3
8,66570,2
8,2354125,2
8,2464557,5
8,469750,5
8,2117478,5
8,1423668,1
8,1857081,2
8,552511,5
8,203385,1
8,2008104,2
8,1299169,3
8,2502705,4
8,2309505,3
8,160801,1
8,2507233,2
8,1286911,5
8,406249,1
8,657310,4
8,2563421,3
8,1425490,4
8,449591,3
8,558225,1
8,2410038,1
8,230270,5
8,446049,3
8,2126920,3
8,765444,1
8,2616561,4
8,32762,5
8,1483777,5
8,1721675,5
8,1794579,2
8,1236134,1
8,737004,1
8,1179045,2
8,2331622,1
8,254375,5
8,610308,5
8,1688743,3
8,1301231,3
8,380652,4
8,166950,4
8,2449889,5
8,2058110,4
8,2122103,5
8,211505,3
8,467106,1
8,1810386,1
8,82726,5
8,1136519,3
8,1119265,5
8,888996,4
8,176020,4
8,663095,4
8,1020485,3
8,2336669,4
8,1649017,3
8,1310843,5
8,1147147,5
8,549189,3
8,2034306,4
8,475785,5
8,482717,4
8,1145926,4
8,2040313,5
8,2287010,3
8,2327374,3
8,1047589,5
8,2142342,5
8,1589531,2
8,1530606,4
8,1604834,5
8,2078709,1
8,683855,2
8,2363106,5
8,2437570,5
8,1874547,5
8,1101266,5
8,90334,5
8,2350581,4
8,1456853,3
8,2626658,5
8,2252900,4
8,1809835,4
8,1735203,2
8,2589714,5
8,2416372,4
8,2107686,2
8,1316301,5
8,653233,4
8,2616816,3
8,1182100,3
8,2292741,1
8,1397153,1
8,2069331,2
8,1859795,5
8,696431,3
8,2359587,4
8,1166197,1
8,207031,1
8,1598788,5
8,1806590,5
8,1395848,4
8,1801755,4
8,745985,1
8,2613090,4
8,1315325,5
8,1740882,5
8,416203,4
8,998178,1
8,476350,1
8,919416,3
8,114327,4
8,1245099,5
8,1472064,5
8,1852869,5
8,664605,5
8,2100097,5
8,1520279,5
8,1067949,5
8,1129771,4
8,925620,4
8,193161,3
8,759737,2
8,376662,2
8,1792694,4
8,160896,2
8,591935,4
8,1602882,4
8,2526690,2
8,1902337,2
8,1598127,5
8,1302756,2
8,309619,5
8,1437282,4
8,2632812,5
8,1188229,5
8,1250341,4
8,522020,5
8,1721758,5
8,2387289,5
8,1492402,2
8,1495189,3
8,2395221,3
8,2035813,2
8,2517523,5
8,2229008,3
8,1730888,4
8,2636261,1
8,1840067,1
8,1133334,3
8,2558096,1
8,134736,1
8,2603169,5
8,2472855,4
8,2111693,1
8,276493,3
8,675424,2
8,989738,1
8,1019287,3
8,1875595,5
8,2089600,3
8,2123571,1
8,989785,5
8,1312541,5
8,1487012,2
8,683973,2
8,473358,2
8,506033,2
8,1121521,3
8,1117708,3
8,623394,4
8,1658130,4
8,1994500,1
8,1239284,2
8,1797072,1
8,1754503,5
8,2273350,4
8,548725,3
8,1249545,5
8,155844,3
8,1274768,3
8,2187316,1
8,1330195,2
8,747719,5
8,2481922,1
8,1284947,1
8,270133,5
8,836397,3
8,79918,4
8,1480218,4
8,737396,5
8,2258083,1
8,2402317,2
8,2461695,2
8,2221449,5
8,2418962,4
8,1330874,1
8,2427227,2
8,2218380,4
8,1175189,1
8,307360,4
8,481933,5
8,1518604,3
8,699647,2
8,2495092,4
8,92544,2
8,2352721,3
8,1073564,5
8,1008243,5
8,946667,4
8,906185,5
8,2466966,3
8,556769,4
8,596832,5
8,553908,3
8,373433,4
8,21722,4
8,1094102,5
8,2497412,2
8,2318512,4
8,2338262,4
8,2434287,2
8,2351058,5
8,1517718,5
8,1884757,5
8,1020333,4
8,884736,4
8,666840,5
8,1874233,2
8,1908188,4
8,230817,4
8,2448660,5
8,2279423,4
8,2122242,4
8,2009800,3
8,1655749,3
8,840801,5
8,2511285,5
8,2233214,5
8,2412733,3
8,497078,3
8,1068413,4
8,1277595,4
8,2345797,4
8,2153452,5
8,919258,3
8,801961,1
8,1811252,2
8,2012184,4
8,2609438,4
8,322895,2
8,259275,1
8,32295,4
8,1020359,4
8,2603827,4
8,460159,4
8,1334284,4
8,168902,1
8,1974229,5
8,2241772,1
8,1526250,1
8,514772,5
8,1383092,1
8,137706,4
8,30393,1
8,1466253,2
8,165837,3
8,500218,2
8,2547948,5
8,413680,3
8,427283,5
8,791836,2
8,93709,5
8,2575138,1
8,2479541,3
8,2196243,3
8,191634,5
8,25176,4
8,846434,3
8,886628,4
8,1417922,3
8,1184063,3
8,1347238,5
8,1496118,3
8,1202818,3
8,2173260,2
8,2557166,3
8,1269095,1
8,605398,4
8,1949651,3
8,2081102,4
8,1454006,4
8,348984,1
8,786404,2
8,135213,2
8,1218696,1
8,2185558,5
8,1338587,4
8,357229,1
8,285639,4
8,863081,4
8,145009,2
8,1697542,5
8,1226348,5
8,1176611,3
8,1444437,3
8,2554912,5
8,292993,5
8,43906,3
8,714804,3
8,1625122,1
8,1652212,2
8,1365941,3
8,109135,3
8,1734461,4
8,524995,5
8,599125,5
8,2592539,5
8,2602028,3
8,458186,3
8,566482,5
8,154250,2
8,1631004,3
8,1386511,3
8,962879,1
8,1961872,2
8,93304,3
8,649016,2
8,209012,3
8,737767,3
8,191997,1
8,1428520,2
8,2239886,3
8,2245480,1
8,788312,3
8,2255393,3
8,1858836,2
8,1322367,1
8,559092,1
8,515090,5
8,1905236,4
8,1491723,1
8,1517899,2
8,1821407,5
8,906336,5
8,1878548,5
8,1868447,3
8,253215,5
8,1081034,3
8,128102,5
8,388530,2
8,2390052,3
8,2505886,2
8,757438,5
8,87468,2
8,2506798,2
8,1705361,3
8,1437423,4
8,2458045,3
8,174054,4
8,1341498,2
8,1648657,3
8,2561176,2
8,1327745,3
8,431179,5
8,1753296,1
8,1823384,1
8,2195237,5
8,1917114,2
8,2294446,3
8,714374,5
8,1825492,1
8,891846,4
8,1075708,3
8,1058179,5
8,2430871,2
8,323665,4
8,342333,2
8,985941,1
8,1927834,2
8,499574,4
8,2046291,3
8,370088,4
8,1087392,4
8,2207522,4
8,1337224,4
8,430675,5
8,959694,2
8,2581523,5
8,105572,4
8,1706217,2
8,2388007,4
8,1843888,3
8,329442,5
8,1707652,4
8,425189,3
8,100825,4
8,2240589,4
8,1753146,1
8,1682077,3
8,1209105,4
8,30996,1
8,469454,3
8,1394695,5
8,1139216,5
8,1786750,5
8,388655,5
8,2455618,5
8,514351,5
8,2253631,1
8,2629234,5
8,445744,2
8,662464,3
8,1781738,4
8,1590625,5
8,2593403,3
8,268291,2
8,1512664,5
8,2494594,4
8,1694656,3
8,2054186,4
8,2622242,2
8,2093456,1
8,726270,4
8,1649922,2
8,881644,4
8,2072329,2
8,1242215,3
8,1668157,4
8,398760,1
8,661637,1
8,1241054,4
8,87888,5
8,2616830,4
8,123117,3
8,1369483,3
8,1376211,3
8,269382,5
8,156679,2
8,1633152,4
8,40450,5
8,1826290,2
8,1391818,5
8,304566,5
8,575727,5
8,427470,3
8,2327772,2
8,1344059,5
8,1685556,5
8,933998,3
8,54606,3
8,1786788,2
8,1940068,1
8,870113,5
8,165451,3
8,1246546,5
8,1520824,5
8,1249483,3
8,2084541,1
8,937686,3
8,1911700,4
8,1565060,1
8,1462587,3
8,2527135,2
8,1476826,1
8,1835998,4
8,1474269,4
8,1380804,5
8,2566481,5
8,1101592,4
8,1870770,4
8,999426,5
8,1435401,2
8,820393,4
8,2439394,3
8,2406002,3
8,1717273,3
8,2486144,3
8,892029,5
8,1713360,3
8,2033030,2
8,2564666,5
8,2310259,1
8,105599,2
8,1057066,4
8,1993243,5
8,2137643,1
8,449252,4
8,611619,2
8,2214996,2
8,1441735,4
8,85181,2
8,2602429,3
8,2529152,2
8,1336672,4
8,2259497,2
8,1618522,5
8,2022518,3
9,1166912,3
9,1990416,4
10,1952305,3
10,1531863,3
11,669077,3
11,2615605,2
11,1616284,5
11,178143,3
11,1562197,2
11,697474,4
11,1340920,4
11,1887139,5
11,386427,2
11,1012466,3
11,669117,1
11,1389422,3
11,2565053,5
12,1080872,3
12,2486771,4
12,2035299,4
12,528356,4
12,1568056,5
12,713230,5
12,1494683,3
12,1552874,4
12,1885503,3
12,2305495,2
13,1195319,5
13,2349173,4
13,2131832,5
13,1860468,5
13,615010,5
13,1763541,2
14,1140547,4
14,2160016,3
14,1598256,5
14,1510242,3
14,668344,4
14,1307286,4
14,1420093,3
14,2447578,1
14,2460347,1
14,551748,3
15,1471457,3
15,616735,3
15,1919493,3
15,1714526,4
15,46869,3
15,1992224,1
15,1761514,4
15,29904,5
15,393062,4
15,2257454,5
15,987507,5
16,922231,3
16,2078728,3
16,1203779,4
16,1954834,3
16,973789,4
16,2234000,3
16,1545203,2
16,892185,3
16,796192,3
16,290670,3
16,2419914,2
16,2340654,3
16,132594,4
16,1279509,3
16,2213137,1
16,2020045,3
16,2242360,5
16,1062213,2
16,669156,4
16,2200600,5
16,2356915,4
16,93804,3
16,1600210,3
16,2466397,4
16,1627400,4
16,1232715,4
16,487867,4
16,1844214,3
16,1178389,2
16,2057355,5
16,674927,3
16,1838252,4
16,2219709,2
16,1725705,5
16,2550944,2
16,240399,2
16,2538567,2
16,1412535,5
16,2141441,3
16,2366677,3
16,1210088,5
16,1762082,4
16,261654,3
16,1732073,3
16,2188086,5
16,271420,3
16,2646160,3
16,2238483,3
16,1299368,5
17,2261008,3
17,2603559,1
17,1528362,3
17,1859325,3
17,1918591,2
17,611315,2
17,630953,3
17,2024169,3
17,1295028,1
17,1964818,4
17,1865808,3
17,149766,3
17,807743,2
17,571280,2
17,97350,3
17,2395017,3
17,1548286,3
17,2488910,1
17,923710,3
17,632970,3
17,1065691,4
17,2632227,3
17,2624371,1
17,511340,4
17,2324465,3
17,1859420,4
17,340339,2
17,1560412,2
17,2309640,1
17,455645,3
17,324395,1
17,2567417,4
17,2253960,4
17,1837290,1
17,548690,3
17,1688945,2
17,313857,4
17,487068,3
17,1035097,2
17,1620868,3
17,782781,1
17,1021233,1
17,1478264,1
17,906091,5
17,1357068,3
17,480759,2
17,723700,3
17,912623,5
17,327993,4
17,1167980,4
17,38473,4
17,175503,3
17,1628934,4
17,1428389,4
17,1690809,3
17,97849,4
17,380135,3
17,229983,2
17,835544,3
17,875092,3
17,2403699,4
17,333273,2
17,1431761,3
17,110622,4
17,1523413,3
17,1446574,3
17,811568,3
17,117939,2
17,594161,3
17,2002136,3
17,2260447,1
17,2421395,3
17,1193336,3
17,2542073,4
17,981883,4
17,999159,3
17,2282634,3
17,1602583,2
17,1508417,2
17,433559,2
17,1607940,2
17,675922,3
17,897734,3
17,86730,4
17,2481120,1
17,641760,3
17,1305985,2
17,374606,4
17,1101177,3
17,20392,5
17,1429293,4
17,678662,1
17,2558832,3
17,907802,2
17,2452603,2
17,2408577,2
17,1057372,4
17,971507,2
17,949465,5
17,1816468,3
17,756962,2
17,1733839,3
17,919347,4
17,1405051,3
17,2254872,3
17,237655,3
17,1867184,3
17,2005819,3
17,203975,3
17,319833,3
17,1239593,4
17,2380395,2
17,498988,3
17,296354,4
17,420080,2
17,1992360,2
17,398610,5
17,1987956,3
17,928941,1
17,262275,5
17,1482288,2
17,125569,3
17,2494022,2
17,432447,3
17,223077,1
17,2104319,1
17,1059699,4
17,1374020,2
17,156782,3
17,992330,2
17,378214,4
17,1979806,3
17,809762,4
17,1172522,4
17,1184580,3
17,2269750,3
17,1308127,5
17,2613076,1
17,140440,3
17,763337,1
17,1842255,5
17,1710240,3
17,2424360,1
17,393955,3
17,1462799,3
17,597781,4
17,376013,3
17,1770376,2
17,1135293,5
17,1007100,1
17,2029981,2
17,1689045,2
17,416400,4
17,2060540,2
17,2108637,3
17,2274195,2
17,1523223,3
17,1876690,3
17,1567086,4
17,2375482,3
17,1894954,2
17,524610,3
17,554567,3
17,1030074,3
17,337202,3
17,2271758,4
17,251421,2
17,2570166,3
17,962225,4
17,1626533,3
17,795483,4
17,1630811,2
17,1086540,3
17,1175674,3
17,1825603,3
17,1689219,3
17,645334,4
17,239992,4
17,1244805,1
17,1493912,3
17,2461142,3
17,384188,2
17,451827,2
17,1192023,3
17,1572350,4
17,2349204,3
17,91373,2
17,1413269,3
17,1351136,3
17,1215431,5
17,2265286,3
17,1416929,4
17,975216,3
17,54333,3
17,15732,4
17,1826520,1
17,1979157,4
17,1689740,2
17,680958,3
17,1094761,5
17,300572,2
17,1061020,3
17,1026367,4
17,1563848,4
17,91272,3
17,949923,3
17,2430913,3
17,845620,2
17,1799716,2
17,898370,1
17,1175588,1
17,2485550,3
17,809945,5
17,890518,3
17,2449999,3
17,2108491,3
17,2152347,3
17,990916,3
17,297624,1
17,1967929,4
17,629260,3
17,2096346,5
17,325111,3
17,1802262,3
17,1850737,2
17,814432,3
17,1839424,2
17,2213584,3
17,1162041,2
17,306454,2
17,2210523,2
17,1704841,3
17,1700453,3
17,852490,4
17,1388257,3
17,2383520,3
17,1320408,3
17,1369630,5
17,1270218,4
17,1693929,3
17,545115,4
17,1643068,4
17,1997736,1
17,950712,2
17,149588,5
17,1951754,3
17,2291607,4
17,1259487,4
17,2391026,4
17,1533545,3
17,451309,3
17,2378189,4
17,413175,3
17,114620,2
17,2535635,2
17,30873,4
17,1078816,2
17,640531,2
17,714346,1
17,1701438,1
17,842107,1
17,1588901,2
17,2210746,3
17,237936,5
17,889738,2
17,650900,3
17,2065265,3
17,480809,1
17,1646956,3
17,783142,4
17,2337603,4
17,42836,1
17,212808,1
17,2504144,1
17,526661,1
17,1065873,1
17,1938254,4
17,1786989,3
17,412235,3
17,2302505,3
17,1865788,3
17,163357,1
17,2610874,3
17,973655,3
17,849237,3
17,2608846,5
17,486802,4
17,1253562,4
17,1782410,4
17,269776,4
17,2236922,2
17,894114,3
17,2186515,2
17,2202771,2
17,695238,4
17,2135496,2
17,2415919,3
17,1801463,4
17,1799311,2
17,1504919,2
17,1420255,4
17,529609,3
17,1289557,3
17,2268359,3
17,1316616,4
17,93045,3
17,1163547,3
17,2490539,3
17,1915478,3
17,673508,2
17,1365991,1
17,175869,2
17,168281,3
17,496374,3
17,849867,3
17,831603,3
17,1026687,3
17,2585947,4
17,411468,2
17,938590,2
17,333011,1
17,1416745,2
17,2166492,1
17,500793,2
17,911,4
17,2607964,3
17,114618,1
17,979398,3
17,654840,4
17,1356520,3
17,2204853,4
17,876716,2
17,1430935,2
17,2040232,3
17,1180830,3
17,2554566,4
17,188461,3
17,1835914,4
17,561624,4
17,2373311,4
17,1152904,3
17,1460509,5
17,255012,4
17,896130,1
17,571286,4
17,2298752,3
17,131221,4
17,2363204,4
17,376407,1
17,57043,3
17,449233,5
17,2219876,1
17,1169021,4
17,1415803,1
17,1958428,3
17,843771,1
17,51972,3
17,746268,3
17,2174569,5
17,2423874,3
17,832162,2
17,2205330,3
17,247744,1
17,672991,2
17,2141356,3
17,1280746,5
17,57843,2
17,953663,3
17,2099128,1
17,2552611,5
17,2329094,4
17,1941657,4
17,1256979,2
17,23589,4
17,904315,3
17,1305796,3
17,2395124,4
17,1971939,2
17,53043,3
17,417787,1
17,2576949,3
17,780855,2
17,2548287,1
17,591866,3
17,2148331,2
17,180306,4
17,2026740,3
17,774367,4
17,1659827,1
17,371369,4
17,1761369,3
17,1579598,4
17,999151,3
17,2585859,3
17,918312,3
17,472660,3
17,1924653,4
17,25338,4
17,1432255,2
17,1229287,1
17,773761,5
17,1385877,4
17,206969,2
17,1850563,2
17,1319306,3
17,8230,3
17,1955133,1
17,922628,3
17,866371,3
17,2085988,4
17,2576024,4
17,1515373,5
17,86221,4
17,2087272,3
17,1750705,4
17,2302453,1
17,1131049,2
17,1094203,4
17,339592,1
17,650911,3
17,1455720,4
17,1700999,3
17,526398,3
17,1440629,3
17,1857268,2
17,2450736,5
17,1602078,3
17,975758,3
17,1293165,1
17,1976824,4
17,2250196,3
17,1176143,2
17,1675902,3
17,1327352,2
17,1347064,3
17,299805,3
17,1604716,3
17,2476251,3
17,380906,3
17,2562831,1
17,1980992,2
17,860307,4
17,905310,3
17,282406,2
17,446575,2
17,1778466,3
17,958359,4
17,383067,2
17,55143,3
17,1550986,3
17,631611,1
17,2626597,3
17,2000589,1
17,2378228,3
17,1192853,2
17,2488891,3
17,2063672,4
17,2112918,3
17,2628943,2
17,693193,2
17,648973,4
17,880609,4
17,1783227,3
17,2308518,3
17,779193,2
17,943590,2
17,1118957,4
17,379291,2
17,1663871,2
17,296743,4
17,1798203,3
17,1940851,3
17,589280,1
17,1410553,2
17,1365052,1
17,2602672,4
17,2317849,4
17,157016,2
17,1921387,2
17,2068834,2
17,608026,4
17,2203026,2
17,2135488,5
17,1227391,3
17,1940325,1
17,345655,4
17,2561086,3
17,1856101,1
17,879303,3
17,339616,4
17,1474318,5
17,2297101,4
17,579197,1
17,844417,3
17,415605,2
17,1560582,4
17,637867,2
17,1684601,1
17,1750077,3
17,635117,3
17,289316,1
17,1278662,5
17,1322387,3
17,537734,5
17,549747,2
17,1309117,2
17,960996,3
17,1861654,4
17,214934,1
17,1299450,2
17,1406428,3
17,345752,5
17,874411,3
17,2261547,4
17,1607424,4
17,1354046,3
17,1960855,4
17,1848970,2
17,1465214,1
17,1727556,4
17,2359270,4
17,2474372,2
17,2231134,2
17,2070732,3
17,1206927,4
17,1510107,3
17,273404,1
17,2476409,2
17,778442,1
17,2033742,2
17,2619665,4
17,1890179,3
17,715856,2
17,159727,4
17,1013391,4
17,2291274,2
17,2048809,4
17,323253,3
17,2280704,2
17,2549774,2
17,1955352,5
17,300757,3
17,1904657,1
17,1728361,2
17,1047618,5
17,443346,5
17,1545107,3
17,1469921,4
17,2285417,2
17,1447561,1
17,2322387,2
17,486048,2
17,1246469,4
17,1952409,3
17,2185960,2
17,2465247,3
17,395796,1
17,607797,4
17,958464,3
17,1598792,1
17,515278,3
17,1462424,1
17,2134365,3
17,244077,3
17,2067516,5
17,1133974,3
17,1316599,3
17,660837,2
17,1390609,3
17,39450,5
17,234325,2
17,2081233,3
17,1363753,3
17,1950585,4
17,1788613,2
17,2266859,3
17,1581265,3
17,914326,2
17,2268019,2
17,435771,3
17,2490477,2
17,2604947,2
17,1237152,4
17,325338,1
17,1073842,4
17,307996,3
17,1135129,5
17,581775,1
17,1913810,2
17,984482,3
17,706405,4
17,87972,2
17,1058560,1
17,431783,2
17,2013153,3
17,467094,3
17,1573680,2
17,381812,1
17,1626164,4
17,152050,3
17,399760,3
17,2405356,2
17,535491,2
17,2003899,3
17,227541,3
17,405058,2
17,208255,4
18,1527030,3
18,2287322,5
18,44268,4
18,368343,3
18,1582714,5
18,1209833,3
18,750281,4
18,1498586,4
18,1553250,5
18,350978,3
18,1211234,3
18,1561061,4
18,1196076,3
18,592951,4
18,2566674,4
18,503493,5
18,2631668,2
18,1776452,4
18,425045,5
18,481752,3
18,470282,5
18,1833567,5
18,1453667,2
18,1200781,4
18,701103,4
18,325759,4
18,2604811,4
18,167728,4
18,46711,5
18,2151157,4
18,372216,5
18,498014,4
18,2355624,3
18,1444076,3
18,1532779,4
18,29318,2
18,787968,4
18,1426839,4
18,2592839,5
18,107622,5
18,1233114,5
18,2177183,4
18,2547553,4
18,575323,5
18,1093210,5
18,910768,3
18,39939,3
18,2068892,4
18,2392382,4
18,1714983,5
18,370771,4
18,1583129,5
18,1896595,3
18,49642,4
18,795561,5
18,2192675,4
18,25361,4
18,2060593,3
18,205660,4
18,218627,5
18,1520579,4
18,2038288,4
18,1901708,4
18,1118140,3
18,2540825,4
18,1442701,2
18,2134151,3
18,1406412,4
18,54405,4
18,290670,5
18,2290659,4
18,2438352,4
18,493754,4
18,1414013,4
18,1062376,3
18,128766,4
18,276535,3
18,429997,1
18,2175625,5
18,1869158,3
18,1396860,3
18,1226618,3
18,1772127,5
18,2552125,4
18,9462,3
18,1544425,3
18,1381503,4
18,2396180,3
18,2486203,4
18,2257488,3
18,474501,4
18,772267,4
18,1520034,4
18,491066,5
18,373679,5
18,170661,5
18,2468394,4
18,666201,5
18,532207,4
18,416173,3
18,1873499,3
18,78544,5
18,2153361,4
18,452765,3
18,2309116,5
18,1785710,4
18,531698,5
18,2610649,5
18,620595,5
18,2012116,4
18,437729,4
18,637266,4
18,1996338,5
18,2436359,4
18,2594566,3
18,1459896,5
18,1254572,4
18,169941,5
18,1929310,5
18,437371,5
18,2387221,4
18,433877,4
18,1081560,4
18,172405,3
18,1760658,5
18,1818472,3
18,2460284,3
18,90463,4
18,595455,5
18,1704146,5
18,594738,2
18,1814827,5
18,1639532,3
18,2008936,4
18,1780095,3
18,2519375,5
18,1709186,4
18,848496,4
18,1673594,1
18,207060,5
18,854266,4
18,1554625,5
18,687591,3
18,1456333,4
18,1637213,4
18,370215,4
18,1153067,3
18,1941999,3
18,457713,4
18,595252,3
18,819533,3
18,1396735,5
18,858110,4
18,1934257,5
18,43730,4
18,2273123,3
18,1592140,5
18,399778,5
18,698827,5
18,1331319,5
18,319203,4
18,472792,4
18,1476724,4
18,1708442,4
18,1076815,4
18,1261395,4
18,955974,2
18,589069,4
18,16855,3
18,12947,3
18,107922,3
18,272402,4
18,1945763,5
18,2575519,2
18,2310986,4
18,326792,4
18,522924,4
18,1526628,4
18,1074857,5
18,2145288,3
18,1321979,4
18,2645491,5
18,1501608,4
18,72368,3
18,2009880,4
18,551682,5
18,511883,3
18,919219,3
18,69475,3
18,1483383,4
18,1556898,4
18,106865,3
18,1227739,4
18,1052539,4
18,2320476,5
18,1008841,4
18,970589,4
18,1468927,4
18,752476,4
18,1174741,2
18,2382843,4
18,486644,2
18,2436362,3
18,1636695,3
18,1112506,3
18,870576,2
18,1053545,5
18,160584,3
18,1830031,4
18,1343840,4
18,837242,5
18,485091,4
18,1309805,4
18,358546,4
18,1985778,4
18,1744653,5
18,607220,3
18,1671687,5
18,1950289,4
18,1231218,5
18,914296,4
18,1697800,4
18,927018,3
18,785311,5
18,2527928,1
18,1915938,4
18,1494116,5
18,2280062,4
18,858229,4
18,2463365,4
18,2017543,1
18,133993,4
18,1835827,5
18,2051573,5
18,581293,4
18,538529,2
18,1678642,5
18,805207,4
18,1547247,4
18,1952674,4
18,2309580,3
18,2194143,3
18,488705,5
18,802022,5
18,1970504,3
18,1485424,3
18,501279,4
18,2241263,4
18,2292809,5
18,722526,4
18,786649,4
18,1437146,4
18,1727531,3
18,201085,4
18,1016155,4
18,776582,4
18,1913533,5
18,1863021,3
18,1695368,5
18,1928698,3
18,1227110,5
18,571277,4
18,767814,3
18,1100552,4
18,424,4
18,1574973,3
18,1399726,1
18,398394,5
18,2230101,4
18,2202042,3
18,2409816,2
18,1000489,3
18,683806,5
18,2180835,3
18,1475156,4
18,1092427,4
18,1116370,4
18,672674,3
18,80320,3
18,763145,5
18,2621962,5
18,2287976,4
18,1918276,4
18,823118,5
18,2591966,3
18,2471566,5
18,2322068,4
18,269062,5
18,1158399,4
18,1382052,4
18,409378,4
18,1299493,5
18,2210042,5
18,505361,3
18,54217,4
18,2221092,4
18,1141065,5
18,2147081,5
18,1299368,5
18,2384777,4
19,236351,5
19,2240248,2
19,2015165,3
19,1066570,5
19,590984,3
19,2147047,5
19,1934532,2
19,1234014,3
19,897853,5
19,1640285,2
19,1609375,4
19,1689349,5
19,61622,4
19,972282,4
19,1862971,4
19,2393326,4
19,1519692,4
20,1254903,3
20,2219254,3
21,476557,4
21,2394974,3
21,1464729,3
21,1997346,3
22,2275708,1
22,370642,3
22,2414681,1
22,2288057,2
23,1514348,3
23,539249,5
23,1077336,5
23,1842668,5
23,1549483,3
23,2299697,4
23,1817781,4
23,1849300,1
23,2639221,4
23,1637213,4
23,1743210,5
23,510820,5
23,487754,3
23,226988,3
23,2406838,5
23,2115919,5
24,1794276,1
24,2574940,5
24,2220209,3
24,641144,2
24,1527407,4
24,1389360,4
24,2602696,5
24,968251,5
24,465558,4
24,1815588,3
24,2344985,5
24,806443,4
24,1583631,4
24,1463254,3
24,1164546,1
24,1510915,2
24,266652,1
24,2239922,2
24,2370241,4
24,135932,3
24,994862,3
24,1592816,3
24,1110428,3
24,2197074,5
24,202623,4
24,2063172,3
24,1928698,3
24,1116370,4
25,2209931,5
25,387693,3
25,2552504,4
25,2455669,4
25,488900,2
25,1106081,4
25,2242704,5
25,1956231,3
25,1298437,5
25,179380,1
25,1568641,4
25,2351954,4
25,224396,4
25,53785,4
25,2373992,4
25,2506094,5
25,2033641,3
25,1528902,4
25,387543,4
25,2210289,5
25,632767,5
25,470613,1
25,1160227,5
25,132700,5
25,2280450,4
25,2293511,4
25,879086,4
25,2533178,3
25,2011181,3
25,2050272,4
25,699217,4
25,1555416,3
25,2085453,4
25,2253583,3
25,812068,4
25,1449090,3
25,1092522,4
25,912961,1
25,211048,4
25,1068275,5
25,2044859,5
25,844494,3
25,1403609,4
25,1508018,5
25,981307,5
25,397007,3
25,197472,4
25,1550977,3
25,2180053,4
25,1157360,4
25,2058752,4
26,617782,3
26,971723,2
26,251536,4
26,1746305,1
26,2625158,3
26,1994236,4
26,1339449,3
26,1546233,2
26,403521,2
26,123134,1
26,1195594,3
26,2246008,2
26,2040351,4
26,192898,2
26,878542,1
26,1670075,1
26,574653,3
26,1034149,3
26,455134,3
26,1362855,2
26,2430362,2
26,542278,3
26,2268876,1
26,340002,2
26,1251931,5
26,2365032,4
26,708502,5
26,1471789,4
26,1027945,2
26,678196,5
26,2438302,4
26,498182,5
26,2107834,4
26,630134,4
26,2577659,5
26,49000,4
26,2574937,2
26,2140012,3
26,1426404,2
26,1906979,3
26,1323351,2
26,1680043,4
26,2379084,1
26,659630,4
26,2413696,3
26,2601078,3
26,977446,3
26,1870474,4
26,957459,3
26,1203186,3
26,2611833,1
26,364471,1
26,2117885,4
26,1151881,4
26,2351803,2
26,2159054,2
26,758080,3
26,410070,5
26,2062197,3
26,64593,3
26,1287593,3
26,579959,2
26,2598077,1
26,944388,3
26,1632356,1
26,2498475,5
26,1475038,2
26,1033132,4
26,1811650,5
26,1823731,2
26,1110306,4
26,427991,5
26,593204,1
26,2423493,4
26,2569944,3
26,1535446,4
26,661502,3
26,1293477,3
26,1681991,3
26,1255057,4
26,2228000,3
26,777488,3
26,340166,2
26,140565,4
26,1730485,2
26,573937,5
26,1772442,3
26,542122,4
26,85159,3
26,1718936,5
26,534655,3
26,1717503,4
26,1151006,1
26,1566596,3
26,609144,4
26,2343571,2
26,467639,3
26,653164,5
26,708416,4
26,689461,3
26,52591,3
26,2417170,3
26,2488907,5
26,627111,4
26,271005,1
26,2303996,1
26,1709895,2
26,2185548,3
27,2518824,5
27,1196166,4
27,627515,3
27,53794,3
27,1299602,5
27,70754,2
27,2498932,5
27,1828542,5
27,510820,5
27,404605,4
27,2634333,4
27,2152465,4
27,870674,4
27,1474706,5
27,2460347,1
4500,1573281,3
4500,1704795,5
4501,362169,5
4501,784901,3
4501,2539141,1
4501,1313998,1
4501,2341690,5
4501,393554,3
4501,1093574,3
4501,1429267,3
4501,1382130,4
4501,1284029,4
4501,504711,4
4501,1481558,2
4501,84670,2
4501,1992028,3
4501,1361352,4
4501,129058,3
4501,56272,3
4501,527994,4
4501,2239189,2
4501,597358,2
4501,943880,3
4501,1800814,4
4501,83218,4
4501,828236,5
4501,2317837,4
4501,2401209,3
4501,1221519,3
4501,533253,4
4501,2117432,5
4501,2118613,3
4501,2018104,5
4501,1486247,1
4501,889734,4
4501,2447256,3
4501,1872961,1
4501,1555156,3
4501,1256961,3
4501,1219114,3
4501,1191253,1
4501,1262080,4
4503,247655,4
4503,25318,2
4504,2448971,4
4505,1362461,4
4505,2216240,3
4505,1782439,2
4505,204616,5
4505,842368,1
4505,755056,3
4505,535749,2
4505,139991,2
4505,1157512,3
4505,75976,1
4505,2007510,4
4505,1168586,1
4505,1927209,3
4505,2123042,2
4505,640888,3
4505,1657319,3
4505,334203,2
4505,186975,3
4505,1441077,2
4505,173566,1
4505,1364530,3
4505,1576109,3
4505,1057808,2
4505,145061,3
4505,1767220,2
4506,1214457,4
4506,456133,3
4506,2178837,5
4506,1501766,4
4506,177766,3
4506,954472,2
4506,1190103,1
4506,1489975,5
4506,362935,4
4506,1594816,4
4506,1676879,4
4506,2572718,1
4506,2222468,5
4506,309240,4
4506,755574,5
4506,622772,5
4506,2445629,5
4506,1053629,4
4506,2491469,4
4506,1851833,5
4506,1756161,4
4506,2553298,4
4506,1171072,5
4506,1218742,4
4506,2139750,4
4506,842389,2
4506,287199,2
4506,1261082,4
4506,125947,5
4506,1736514,3
4506,883472,3
4506,880986,2
4506,1220218,5
4506,487789,3
4506,2220522,4
4506,674226,3
4506,2083528,3
4506,2217628,4
4506,195590,4
4506,1896628,4
4506,1866864,3
4506,512484,5
4506,38226,4
4506,496910,4
4506,695300,5
4506,2224922,3
4506,2145795,2
4506,602106,5
4506,2201889,4
4506,1814005,5
4506,2533202,3
4506,2237750,3
4506,2175371,5
4506,1001344,4
4506,2645451,3
4506,531341,4
4506,124335,2
4506,1545464,2
4506,1352343,3
4506,2413249,4
4506,1357511,4
4506,405299,1
4506,2601382,4
4506,2218527,3
4506,1657245,4
4506,2408031,3
4506,582506,4
4506,2261107,5
4506,2534305,2
4506,2135911,3
4506,2223493,3
4506,383343,5
4506,2264161,4
4506,1877972,3
4506,1123866,3
4506,851701,4
4506,1131009,3
4506,2200113,5
4506,2481180,4
4506,679709,5
4506,256307,4
4506,759675,5
4506,484168,4
4506,2096804,2
4506,2348604,4
4506,1894311,4
4506,1410644,4
4506,989177,3
4506,973371,4
4506,2080165,5
4506,534034,5
4506,492296,4
4506,1505819,5
4506,328251,5
4506,438915,5
4506,997249,3
4506,722264,3
4506,1421828,3
4506,1740522,5
4506,1508011,3
4506,1007684,3
4506,2464343,5
4506,59069,4
4506,18122,4
4506,2463790,5
4506,2269093,5
4506,1491812,4
4506,2442271,5
4506,1550814,5
4506,131392,5
4506,1570733,5
4506,138719,4
4506,317385,5
4506,706956,5
4506,2377616,5
4506,878137,3
4506,361141,4
4506,830947,5
4506,2436211,3
4506,2339614,5
4506,1028999,4
4506,2177762,3
4506,434802,4
4506,2361936,5
4506,355180,4
4506,2340166,5
4506,574189,4
4506,1877730,5
4506,1477012,3
4506,2427931,3
4506,2644425,4
4506,1727623,4
4506,891350,3
4506,166837,2
4506,1779428,2
4506,1067913,4
4506,2481695,4
4506,100922,1
4506,1844872,1
4506,1351718,4
4506,680647,5
4506,1725750,2
4506,696505,4
4506,31354,3
4506,368433,5
4506,1741796,2
4506,2638740,2
4506,2649155,2
4506,1944878,5
4506,1686261,4
4506,1335107,5
4506,1257006,5
4506,672177,5
4506,1203947,5
4506,670179,4
4506,70076,5
4506,1676211,5
4506,2018193,4
4506,1645892,5
4506,1745874,5
4506,1438385,5
4506,831151,4
4506,2196272,5
4506,2224412,2
4506,1486620,5
4506,594863,4
4506,147510,5
4506,827267,5
4506,731355,5
4506,82793,5
4506,2617374,5
4506,974720,5
4506,11462,4
4506,820104,5
4506,2382971,5
4506,1730270,4
4506,1152380,5
4506,1847490,5
4506,1972872,4
4506,674744,5
4506,1648162,4
4506,2002682,4
4506,419418,4
4506,2508034,3
4506,597188,4
4506,1077707,5
4506,1230569,4
4506,258372,5
4506,1478727,1
4506,2031009,4
4506,517245,4
4506,1444923,4
4506,1830717,4
4506,871425,3
4506,340582,4
4506,2075381,3
4506,1255448,4
4506,2161468,4
4506,324051,3
4506,1649191,5
4506,860601,4
4506,2433295,4
4506,1300674,3
4506,683179,3
4506,1945891,4
4506,1444406,3
4506,1536760,2
4506,1707785,5
4506,153626,3
4506,1506186,2
4506,1252090,4
4506,582997,2
4506,1205750,4
4506,1575976,5
4506,1520518,5
4506,2565612,5
4506,1356946,4
4506,531527,5
4506,1121320,4
4506,2206805,4
4506,406483,3
4506,1687532,3
4506,447961,4
4506,1757239,4
4506,2004803,4
4506,1492450,2
4506,1752745,3
4506,350606,5
4506,2074598,3
4506,1380764,4
4506,973202,4
4506,1531866,4
4506,1644608,5
4506,846555,5
4506,2232365,2
4506,391471,4
4506,2597633,4
4506,2213431,5
4506,1571261,5
4506,50465,4
4506,884433,4
4506,1982267,4
4506,1615767,5
4506,2447851,2
4506,2128501,5
4506,2589547,4
4506,2296857,4
4506,2097345,4
4506,2344919,4
4506,1990317,5
4506,2093609,5
4506,2341969,3
4506,2083295,5
4506,1100677,4
4506,1045677,3
4506,2614696,5
4506,1384573,3
4506,233006,2
4506,1086186,4
4506,2129921,4
4506,404791,5
4506,1474647,5
4506,1015915,3
4506,2143968,3
4506,1616447,2
4506,1737174,5
4506,123181,4
4506,421142,3
4506,800559,5
4506,1573247,3
4506,107111,4
4506,1747048,5
4506,21229,5
4506,916885,4
4506,733163,3
4506,532621,4
4506,1981043,4
4506,663491,4
4506,1317124,4
4506,797224,3
4506,1617071,4
4506,981941,2
4506,464716,5
4506,1472126,5
4506,1634093,4
4506,178013,2
4506,2208028,2
4506,709399,4
4506,144107,5
4506,654099,2
4506,2561421,5
4506,1610637,4
4506,393340,4
4506,2108145,5
4506,2386395,1
4506,228083,5
4506,990471,5
4506,1010087,4
4506,519653,4
4506,4368,4
4506,2508122,4
4506,2141744,5
4506,1543432,4
4506,627010,4
4506,929620,5
4506,687006,4
4506,263782,5
4506,61800,4
4506,2417985,4
4506,2026096,4
4506,1033060,4
4506,1546380,3
4506,2261096,5
4506,1848647,3
4506,2139896,3
4506,532979,5
4506,2155344,4
4507,2449270,4
4507,2402709,4
4507,538328,3
4507,2237634,5
4507,2404752,3
4507,2357698,3
4507,501862,3
4507,1055117,5
4507,339373,3
4507,2571503,2
4507,124847,3
4507,2531630,3
4507,1971015,3
4507,1211525,3
4507,1913890,4
4507,1946601,5
4507,1161840,3
4507,960292,5
4507,824281,4
4507,72607,3
4507,1751769,4
4507,704716,3
4507,1284253,3
4507,2424085,4
4507,2635358,4
4507,477730,4
4507,496486,5
4507,1449538,5
4507,1307272,4
4507,80506,4
4507,614432,4
4507,2114695,3
4507,255988,3
4507,2605653,4
4507,2303947,4
4507,2434614,3
4507,2201123,3
4507,1830894,3
4507,1653176,2
4507,364485,4
4507,2269080,3
4507,1889770,4
4507,1980592,4
4507,2234971,4
4507,2588795,3
4507,1210699,4
4507,1794919,4
4507,2338700,4
4507,2105454,2
4507,313785,3
4507,1594240,3
4507,2469970,3
4507,1055187,4
4508,1397870,5
4508,1635484,5
4508,1887799,3
4508,2560880,3
4508,83755,3
4508,1585301,4
4508,294825,5
4508,740240,1
4508,382432,5
4508,809686,3
4508,2105507,5
4508,186673,4
4508,1144764,3
4508,1801342,4
4508,2637555,5
4508,2364565,5
4508,2264348,5
4508,1327398,5
4508,171906,3
4508,1542572,5
4508,1924872,3
4508,1327337,2
4508,2265900,4
4508,1006399,3
4508,2370302,3
4508,1406123,5
4508,1714248,4
4508,1575566,4
4508,2534150,4
4508,1674409,5
4508,748356,4
4508,2521568,4
4508,843890,4
4508,2001736,5
4508,397063,5
4508,1471225,4
4508,1290313,5
4508,2228062,5
4508,473648,4
4508,591739,4
4508,2503730,2
4508,2581790,4
4508,865000,2
4508,1623677,4
4508,2338718,4
4508,2109600,4
4508,2428340,4
4508,1491389,4
4508,1862305,5
4508,1614522,4
4508,731773,5
4508,1609229,3
4508,2376209,5
4508,2453814,4
4508,2264279,4
4508,1829378,5
4508,2626464,4
4508,213454,5
4508,2459010,5
4508,1634932,4
4508,160508,5
4508,1843398,3
4508,1031566,3
4508,1625990,2
4508,926578,4
4508,2327814,5
4508,2293036,4
4508,1229756,4
4508,885893,4
4508,1416603,3
4508,1805874,4
4508,1469927,3
4508,276519,5
4508,1684490,4
4508,1027871,5
4508,552760,1
4508,1648490,5
4508,1689187,2
4508,650651,4
4508,2368338,4
4508,2532424,4
4508,520002,5
4508,1120197,4
4508,336165,1
4508,420812,2
4509,654189,5
4509,2544413,5
4509,2420458,5
4509,485622,5
4509,2247803,1
4509,477938,5
4509,805679,4
4509,472124,4
4509,2469807,3
4509,2353713,4
4509,2259255,4
4509,805485,4
4509,1065941,4
4509,1285227,4
4509,1721071,4
4509,97984,5
4509,1763446,5
4509,779485,5
4509,2054881,5
4509,2590113,5
4509,1486250,5
4510,410537,4
4510,868328,5
4510,2353588,3
4512,79236,5
4512,141876,3
4512,1098690,3
4512,1978379,4
4512,131587,2
4513,1386208,5
4513,206116,3
4513,1235847,5
4513,1158913,2
4513,981622,5
4513,1541829,3
4513,2214497,3
4514,2171745,2
4515,1338824,3
4515,499862,3
4515,1733617,4
4515,934693,4
4515,732129,4
4515,853778,3
4515,1581520,4
4516,1320901,3
4516,2150855,2
4516,1109233,4
4516,1036823,3
4516,1318216,4
4516,2400130,4
4516,736847,3
4516,1932377,5
4516,220074,3
4516,1037895,3
4516,1715269,3
4516,1776003,3
4516,2056135,3
4516,941591,3
4516,1106764,3
4516,1389416,3
4516,921398,4
4516,1209112,5
4516,703083,4
4516,2055844,5
4516,954478,3
4516,1640262,4
4516,976959,4
4516,1637971,3
4516,310701,3
4516,1726839,3
4516,2397529,4
4516,608825,1
4516,1496998,4
4516,2199548,5
4516,1773601,4
4516,344409,5
4516,869619,4
4516,904143,1
4516,1882078,2
4516,2350500,3
4516,1878523,4
4516,1119020,4
4516,538574,4
4516,2144766,5
4516,521890,5
4516,380099,3
4516,1862405,5
4516,850900,3
4516,1761659,4
4516,1006853,3
4516,1966251,4
4516,1002491,3
4516,1472944,2
4516,393704,2
4516,76916,5
4516,472227,1
4516,134878,5
4516,464328,5
4516,2411252,3
4516,134085,4
4516,1609647,3
4516,670464,4
4516,1384225,4
4516,2293402,4
4516,2417121,5
4516,1769665,4
4516,505860,3
4516,1669437,3
4516,2316048,3
4517,2121416,4
4517,1404139,4
4517,7548,3
4517,1888414,3
4517,54256,3
4517,1449033,3
4517,1765734,2
4517,1669064,3
4517,1894544,5
4517,2043655,3
4517,2625628,4
4517,760949,5
4517,315421,2
4517,922812,3
4517,2529290,5
4517,1707046,5
4517,258598,5
4517,231505,3
4517,2287168,4
4518,1974221,4
4518,609445,4
4518,2010087,4
4518,639329,3
4518,2107243,4
4518,2399189,4
4519,1943087,4
4519,1836448,3
4519,549619,3
4519,79712,2
4519,1695990,4
4519,1271632,3
4519,997797,5
4519,1011624,4
4519,1906979,3
4519,2537794,4
4519,1174541,2
4519,1962522,2
4519,83945,1
4519,2112383,5
4519,900305,1
4519,2499475,2
4519,1814346,1
4519,409927,2
4519,1137360,4
4519,2350033,4
4519,1381763,5
4519,1374416,4
4519,165077,2
4519,258443,2
4519,1085256,3
4519,654632,2
4519,1112250,4
4519,7010,2
4519,2280840,4
4519,2599677,5
4519,388277,1
4520,379936,4
4520,251760,2
4520,939390,3
4520,827598,2
4520,1094756,3
4520,14060,3
4520,2293387,5
4520,2284249,5
4520,117298,2
4520,1797252,3
4520,1656542,5
4520,1310313,4
4520,1585855,5
4520,2507512,1
4520,2048790,4
4520,1439349,4
4520,260856,5
4520,1926820,4
4520,4576,4
4520,2154049,5
4520,1436989,5
4520,1820206,4
4520,160509,4
4520,66053,1
4520,731140,5
4520,1204345,3
4520,742147,3
4520,2540784,3
4520,2122819,4
4520,2612914,3
4520,2629273,5
4520,2317192,5
4520,1067246,4
4520,1025108,4
4520,463113,3
4520,1349324,4
4520,2020079,2
4520,696446,5
4520,1309115,3
4520,683483,5
4520,1236554,1
4520,162629,4
4520,215864,2
4520,1386700,5
4520,819907,5
4520,1224993,4
4520,104722,2
4520,1323894,5
4520,2637958,2
4520,2162243,3
4520,788116,5
4520,852942,2
4520,2154721,3
4520,1021713,2
4520,847572,4
4520,1871371,5
4520,260200,3
4520,579424,3
4520,511251,5
4520,1740895,5
4520,1551381,5
4520,825363,2
4520,1516909,4
4520,664260,3
4520,1062331,4
4520,1017464,3
4520,1797491,5
4520,1437612,5
4520,1002385,5
4520,1284444,5
4520,2515078,4
4520,572054,4
4520,1956892,3
4520,2459559,3
4520,471553,3
4520,2490237,3
4520,1785919,4
4520,2404381,1
4520,1721639,4
4520,75561,2
4520,841463,3
4520,2376561,5
4520,2546480,5
4520,1792859,5
4520,966354,2
4520,1574654,4
4520,2406894,3
4520,847360,5
4520,2201093,4
4520,752372,4
4520,787696,4
4520,502177,3
4520,2551668,4
4520,343055,5
4520,1770349,5
4520,469827,5
4520,2553551,4
4520,1060572,4
4520,1544858,5
4520,304638,4
4520,55786,4
4520,261256,3
4520,1956798,5
4520,1764093,1
4520,616798,4
4520,891766,5
4520,1997839,5
4520,2300639,4
4520,410667,5
4520,1272419,5
4520,1684312,5
4520,2304050,5
4520,1519964,4
4520,643663,3
4520,1380038,4
4520,2127602,5
4520,2030812,5
4520,1685989,4
4520,1787205,5
4520,1079549,2
4520,2636169,4
4520,1418371,2
4520,779066,5
4520,2313361,5
4520,1882482,4
4520,738891,3
4520,2543422,2
4520,1582084,3
4520,1904089,3
4520,1758211,4
4520,497067,4
4520,1453179,3
4520,734696,3
4520,250752,5
4520,731857,5
4520,2338956,5
4520,1861100,2
4520,1723437,3
4520,918366,4
4520,29317,5
4520,1232593,3
4520,625220,5
4520,1310365,4
4520,1653185,5
4520,683832,5
4520,1480174,5
4520,980893,4
4520,1615380,3
4520,117686,3
4520,2508729,4
4520,1164547,3
4520,748992,3
4520,2131207,3
4520,2344636,2
4520,2242406,5
4520,2602166,5
4520,1887173,3
4520,499610,3
4520,638639,4
4520,1351415,2
4520,963820,5
4520,1974439,2
4520,2518813,3
4520,2294850,1
4520,1334363,2
4520,44450,2
4520,2035923,3
4520,480452,3
4520,2006904,4
4520,159686,5
4520,1531455,3
4520,191098,4
4520,1853052,4
4520,1445894,4
4520,606210,5
4520,2361961,4
4520,449357,5
4520,2083277,4
4520,44182,5
4520,1329145,5
4520,1130571,5
4520,1453544,4
4520,585110,3
4520,2459964,3
4520,985501,2
4520,1684881,3
4520,475750,5
4520,642827,5
4520,1463568,2
4520,421823,5
4520,793990,4
4520,620943,5
4520,423567,3
4520,48846,4
4520,1450621,5
4520,2625869,4
4520,1674976,3
4520,510905,4
4520,1972457,3
4520,1947427,5
4520,1152295,4
4520,514287,3
4520,1714692,5
4520,2265973,3
4520,1698291,4
4520,2093119,4
4520,89508,5
4520,2277854,5
4520,1442884,4
4520,558325,5
4520,2054818,4
4520,2476575,5
4520,1914816,2
4520,346684,5
4520,696336,4
4520,1545492,3
4520,28477,4
4520,2337959,3
4520,1649846,3
4520,1598638,3
4520,1377894,4
4520,640495,4
4520,1390676,4
4520,2553346,4
4520,2300741,5
4520,1214685,5
4520,1313068,4
4520,2354494,4
4520,235547,5
4520,1067655,3
4520,2043234,5
4520,1309780,3
4520,1492407,5
4520,113829,4
4520,1554713,5
4520,1064643,4
4520,210684,4
4520,292766,5
4520,853833,2
4520,302756,4
4520,2102253,5
4520,1683777,5
4520,990722,5
4520,799799,5
4520,1274072,4
4520,1978493,2
4520,1381727,5
4520,1563979,5
4520,1450904,2
4520,2533349,2
4520,961692,5
4520,1899396,4
4520,40612,5
4520,1342020,5
4520,2054802,3
4520,616647,4
4520,1956465,5
4520,16697,4
4520,2465617,4
4520,789032,4
4520,325750,2
4520,2200594,4
4520,2612306,4
4520,115675,5
4520,1967586,3
4520,1465182,5
4520,782235,4
4520,81312,4
4520,25777,3
4520,705355,2
4520,2170483,4
4520,1389640,2
4520,1902581,4
4520,434462,4
4520,33362,4
4520,1628245,3
4520,151118,3
4520,1950084,4
4520,1783082,3
4520,156264,3
4520,1109504,5
4520,973713,4
4521,2546200,2
4521,964733,5
4521,2548724,1
4521,255115,1
4521,14326,4
4521,636185,5
4521,827777,4
4521,152659,3
4521,538059,2
4521,2546569,3
4521,2202057,5
4521,318455,3
4521,253572,5
4521,481231,4
4521,1056877,5
4521,1623543,4
4521,2154147,5
4521,2495220,5
4521,2617679,5
4521,293627,4
4521,455923,5
4521,235561,4
4521,1491474,3
4521,1615496,1
4521,191869,3
4521,1068853,4
4521,2146045,5
9216,2362842,2
9216,2372415,3
9216,1792818,3
9216,1783521,4
9217,2599963,5
9217,891695,4
9217,334884,4
9217,717492,3
9217,1516851,4
9217,1259970,5
9217,2173328,2
9217,7,5
9217,2239899,4
9217,1757422,5
9217,381614,4
9217,397637,5
9217,2439956,5
9217,445691,5
9217,2050139,5
9217,198094,2
9217,651989,4
9217,2364401,3
9217,127401,5
9217,823346,4
9217,918236,5
9217,460019,3
9217,2530006,5
9217,2275574,1
9217,796122,5
9217,2177291,4
9217,1091418,5
9217,322392,3
9217,2642210,5
9217,1819164,5
9217,1843141,5
9217,2328701,4
9217,133529,5
9217,1004444,5
9217,1322931,4
9218,1567095,3
9218,2207434,5
9218,2295507,3
9218,2111005,5
9218,340400,3
9218,2552030,4
9218,2123734,4
9218,203542,5
9218,2535942,3
9218,1826418,4
9218,1087365,4
9218,989168,4
9218,549797,4
9218,2448234,4
9218,1954783,4
9218,1888914,5
9218,206817,4
9218,1077366,5
9218,1284305,5
9218,950968,4
9218,2345394,3
9218,2332995,5
9218,1764201,3
9218,1873205,3
9218,900866,4
9218,1084728,4
9218,1992393,3
9218,1673265,5
9219,1837993,5
9219,623496,2
9219,1124759,1
9219,4628,2
9219,13651,2
9219,1624931,3
9220,936546,1
9220,2033308,3
9220,2061209,1
9220,600972,4
9220,1517456,3
9220,599848,3
9221,1934971,3
9221,892661,5
9221,1450171,5
9221,1502057,4
9222,1122827,5
9222,35528,3
9222,1491089,4
9222,2103029,3
9222,2424839,3
9222,2557491,3
9222,2512451,1
9222,2292075,5
9222,417959,3
9222,953586,5
9222,1827782,4
9222,320644,5
9223,1898750,5
9223,1262753,2
9223,1672902,5
9223,1498712,3
9223,1704841,1
9223,2247925,2
9223,2396545,5
9223,2208906,3
9223,1587507,2
9223,1245177,4
9223,154089,3
9223,947958,4
9223,1453179,1
9223,28713,5
9223,1440284,3
9223,1420138,1
9223,1343991,4
9223,982074,4
9223,1353678,5
9224,1887879,3
9224,1514611,3
9224,2029786,5
9224,1819110,3
9224,2433405,1
9224,1170248,5
9224,984924,5
9224,1717736,3
9224,2407582,5
9224,1491089,5
9224,1513217,4
9224,1618987,4
9224,862550,4
9224,827973,3
9224,68175,3
9224,264537,3
9224,1484693,2
9224,998132,2
9224,1145621,4
9224,1742844,4
9224,2556393,5
9224,2117569,5
9224,2191652,5
9224,878083,4
9224,728490,4
9224,2470314,5
9224,1660295,4
9224,1476469,2
9224,1704324,5
9224,930931,3
9224,366915,4
9224,2387205,3
9224,1511669,5
9224,1631565,5
9224,2525631,4
9224,371954,4
9224,806395,5
9224,1974022,3
9224,500298,1
9224,2319108,5
9224,929398,1
9224,250272,4
9224,471692,4
9224,613907,4
9224,2641011,3
9224,60559,5
9224,455711,5
9224,708485,5
9224,1372390,3
9224,139239,3
9224,1696901,2
9224,1704944,5
9224,1397664,5
9224,502914,3
9224,718516,5
9224,108544,1
9224,195725,5
9224,2041008,4
9224,1886217,1
9224,1688724,3
9224,1246764,4
9224,1777991,5
9224,1737890,3
9224,1165343,3
9224,245155,2
9224,1843048,2
9224,1080664,5
9224,2220643,3
9224,860428,5
9224,787310,5
9224,820735,5
9224,1247240,4
9224,554528,4
9224,93418,4
9224,2102810,4
9225,951688,3
9225,190435,3
9225,910619,4
9225,192048,3
9225,38116,1
9225,1508425,4
9225,370235,3
9225,2082179,2
9225,756972,3
9225,1277194,2
9225,2248853,2
9225,2524708,3
9225,2470709,4
9225,1902190,2
9225,2000284,3
9225,657279,3
9225,1178569,4
9225,1871565,3
9225,811086,4
9225,653145,2
9225,1384802,3
9225,61868,1
9225,1612273,1
9225,992256,3
9225,1408018,2
9225,1981906,5
9225,1030373,2
9225,1347207,3
9225,805893,4
9226,764288,1
9226,187080,4
9226,610764,3
9226,49082,1
9226,1244918,2
9226,2527619,5
9226,2037196,4
9226,308053,2
9226,142,2
9226,1767542,2
9226,992244,2
9226,2003198,1
9226,143310,5
9226,2073354,4
9226,296231,3
9226,359277,1
9226,975536,4
9226,885563,5
9227,1777167,3
9228,2433426,3
9228,1493245,3
9228,2131676,3
9228,691450,5
9228,291959,4
9228,1126245,4
9228,718873,1
9228,792464,5
9228,2518437,3
9228,1735312,3
9228,1606599,1
9228,1165620,4
9228,2265265,5
9228,1491877,3
9228,1583687,4
9228,2201816,5
9228,1489524,5
9228,2150394,5
9228,1302197,4
9228,2129390,3
9228,927696,5
9228,1259790,3
9228,2005146,4
9228,445962,1
9228,1917301,3
9228,2065059,4
9228,562617,3
9228,2303519,3
9228,628582,3
9228,622231,2
9228,2438421,4
9228,1897446,4
9228,2365636,5
9229,800835,4
9229,468223,3
9229,1569216,4
9229,989193,2
9229,1679981,1
9229,977347,3
9229,1623836,3
9229,825282,5
9229,2348692,3
9229,1702996,5
9229,359674,2
9229,2485369,3
9229,2475151,5
9229,2002444,4
9229,55645,5
9229,2227629,3
9229,2047811,4
9229,1517590,3
9229,870487,3
9229,2169493,4
9229,938846,5
9229,1429531,3
9229,924561,3
9229,263556,5
9229,2391817,3
9229,1449802,2
9229,1356466,4
9229,307632,5
9229,1446909,4
9229,687477,4
9229,2612086,3
9229,1489101,4
9229,151528,4
9229,1832770,4
9229,1738635,3
9229,2370089,4
9229,936834,4
9229,1092856,3
9229,924946,5
9229,1879529,4
9229,943252,4
9229,756082,2
9229,310085,4
9229,1571993,4
9229,1629763,4
9229,1155918,3
9229,1258916,3
9229,835107,3
9229,167949,5
9229,1160606,3
9229,2458647,4
9229,2089285,4
9229,698646,5
9229,1041095,3
9229,259748,3
9229,1377169,4
9229,866277,3
9229,382129,3
9229,1827272,3
9229,994269,5
9229,1135129,4
9229,859167,2
9229,1881045,3
9229,2619875,4
9230,582516,5
9230,133692,4
9230,1530033,5
9230,2612753,4
9230,122509,5
9230,973313,4
9230,1004656,5
9231,2050416,3
9231,1556555,3
9231,2629487,4
9231,1644477,4
9231,979913,2
9231,721751,4
9231,197161,4
9231,2370543,5
9231,1799841,3
9231,2250798,3
9231,1340469,5
9231,2000332,3
9231,2108188,2
9231,1063042,3
9231,1436552,3
9231,1515716,3
9231,574196,5
9231,1606067,3
9231,841137,2
9231,1225919,1
9231,1629585,2
9231,2503481,4
9231,441544,4
9231,872020,2
9231,1253055,4
9231,2208777,1
9231,1227498,5
9231,431076,3
9231,1368396,4
9231,675997,3
9231,861874,3
9231,1195721,3
9231,1310248,2
9231,1536504,4
9231,1252601,4
9231,751469,2
9231,1694916,3
9231,638183,3
9231,1891362,5
9231,1520710,3
9231,580145,4
9231,2323183,5
9231,2250528,4
9231,2641580,4
9231,767929,2
9231,2513976,3
9231,2249221,5
9231,1471151,1
9231,1548747,5
9231,1430561,5
9231,2498693,4
9231,301642,4
9231,2505314,2
9231,1440828,3
9231,909544,4
9231,1996307,3
9231,805198,5
9231,1449365,1
9231,2061245,4
9231,2006945,4
9231,859399,2
9231,111866,4
9231,707032,4
9231,1007533,3
9231,1083883,5
9231,384548,1
9231,2192638,4
9231,1875867,3
9231,680728,3
9231,2255528,2
9231,257669,2
9231,590399,4
9231,319871,5
9231,2345303,5
9231,436858,3
9231,2246872,3
9231,1262458,4
9231,2545499,5
9231,5094,4
9231,1328022,3
9231,2237090,5
9231,408968,5
9231,2180741,3
9231,1230363,4
9231,90218,1
9231,2043184,3
9231,1487832,2
9231,1259089,3
9231,262201,4
9231,1735250,4
9231,362578,3
9231,1226102,1
9231,1438614,2
9231,1999731,3
9231,282494,3
9231,772538,5
9231,2567699,2
9231,357243,1
9231,1152716,3
9231,783881,2
9231,385195,5
9231,156866,3
9231,2470370,4
9231,2324483,3
9231,281734,4
9231,1095972,3
9231,686108,3
9231,334959,1
9231,2477298,4
9231,2382789,4
9231,719223,4
9231,2470610,3
9231,332029,4
9231,401843,5
9231,2535532,3
9231,391708,3
9231,239518,2
9231,2352796,2
9231,552246,4
9231,2117906,5
9231,187275,5
9231,939351,4
9231,1838791,5
9232,1440448,3
9232,440664,1
9232,2190107,2
9232,1410642,4
9232,2240280,5
9232,1532810,3
9232,1263809,5
9232,1255145,4
9232,2571363,4
9232,144472,5
9232,1576712,4
9232,921555,2
9232,2466331,3
9232,1620566,3
9232,2156470,4
9232,165653,5
9232,1653860,4
9232,2027416,3
9232,2222999,2
9232,654988,3
9232,1725059,1
9232,2133546,3
9232,1823364,1
9232,2304646,4
9232,1504350,4
9232,1823977,3
9232,928041,3
9232,910739,5
9232,1643556,4
9232,2234753,2
9232,495702,1
9232,1808762,2
9232,1806577,5
9232,14296,4
9232,1434986,2
9232,2512167,5
9232,1074394,3
9232,2157678,1
9232,390756,3
9232,2455671,3
9232,1867443,3
9232,1438947,4
9232,1483498,3
9232,1970894,5
9232,716411,5
9232,2358500,3
9232,548173,3
9232,1063281,5
9232,1206147,4
9232,2595975,1
9232,1688692,3
9232,1246165,3
9232,1023057,5
9232,2096839,4
9232,1951798,2
9232,158309,3
9232,2145870,3
9232,2009723,5
9232,1425723,2
9232,1049920,2
9232,768919,4
9232,881873,4
9232,578248,5
9232,816663,1
9232,681188,4
9232,1639587,3
9232,52410,3
9232,154124,2
9232,826542,4
9232,1337509,5
9232,349074,3
9232,440731,4
9232,1493060,3
9232,1707247,5
9232,1287834,5
9232,951254,4
9232,741246,5
9232,2023367,1
9232,2590614,2
9232,2636852,2
9232,2568482,4
9232,723065,5
9232,1598341,4
9232,1080084,3
9232,1067055,5
9232,292737,3
9232,448689,1
9232,1900409,3
9232,527445,4
9232,1004619,3
9232,2612825,4
9232,2533900,4
9232,367260,4
9232,2166040,3
9232,2316476,1
9232,317008,1
9232,715730,3
9232,1622100,4
9232,558421,4
9232,924666,1
9232,2316756,2
9232,2130755,3
9232,229031,5
9232,1361189,3
9232,1704576,4
9232,492882,3
9232,1992459,4
9233,844624,3
9233,838812,3
9233,1648285,3
9233,736532,2
9233,2304165,3
9233,1174094,2
9233,1383642,4
9233,172257,3
9234,166595,4
9234,1975539,3
9234,427928,3
9234,1293611,5
9234,1759845,4
9234,1906666,4
9234,1553843,5
9234,1318378,5
9234,1053976,5
9234,253611,4
9234,1227603,4
9234,1767732,4
9234,1314105,5
9234,1945826,4
9234,1243463,4
9234,2054144,5
9234,627130,4
9234,212832,4
9234,781521,5
9234,2045631,4
9234,1465705,3
9234,1367429,4
9234,1625055,3
9234,253527,5
9234,1223717,5
9234,917452,5
9234,573392,5
9234,917738,4
9234,2483710,2
9234,2270354,4
9234,647581,4
9234,498429,5
9234,809353,4
9234,840176,1
9234,907479,5
9234,265266,4
9234,2624988,2
9234,478050,4
9234,1483844,3
9234,149971,4
9234,199562,4
9235,1513370,4
9235,2138987,3
9235,735902,1
9235,556485,3
9235,2504559,4
9235,1000546,5
9235,2450465,5
9235,2029320,3
9235,2523511,4
9235,2421350,2
9235,1224045,3
9235,2306632,5
9235,2466950,5
9235,2251907,3
9235,2090565,4
9235,219843,5
9235,127327,4
9235,129721,5
9235,2632523,3
9235,2606334,3
9235,553202,3
9235,1380698,5
9235,1874298,5
9235,1371294,1
9235,408576,4
9235,1728337,4
9235,932168,3
9235,517623,5
9235,2643575,4
9235,918309,3
9235,1890954,3
9235,1642127,3
9235,1207407,3
9235,213980,4
9235,674963,3
9235,1338622,3
9235,2139885,4
9235,1027831,4
9235,1916826,5
9235,2214523,5
9235,1903984,1
9235,1848532,4
9235,560579,4
9235,870097,3
9235,2615431,3
9235,2599641,2
9235,2602078,5
9235,481183,5
9235,2039145,1
9235,1517396,3
9235,1152642,4
9235,1658495,4
9235,857959,4
9235,1082342,2
9235,2381036,1
9235,2070186,3
9235,293502,3
9235,1356184,4
9235,1872500,4
9235,2044911,4
9235,284970,4
9235,2515531,3
9235,1575045,3
9235,300241,2
9235,1582294,4
9235,1338210,4
9235,2052789,3
9235,990163,1
9235,2469164,4
9235,205670,5
9235,2212259,4
9235,2473374,1
9235,2574543,5
9235,524192,3
9235,2107566,4
9235,1125340,3
9235,449181,5
9235,245601,4
9211,848891,3
9211,2584676,1
9211,1958917,3
9212,2094556,5
9212,1249798,4
9212,307180,5
9212,1384992,5
9212,1595451,5
9212,659061,5
9212,2212128,5
9212,1094381,5
9212,2216966,1
9212,532323,5
9212,21377,5
9212,1028551,5
9212,53686,5
9212,1281306,4
9212,616769,3
9212,2441344,4
9212,2006307,4
9213,922442,5
9213,1676270,3
9213,1404222,2
9213,1592266,4
9213,1497531,4
9214,2485730,4
9214,1947900,3
9214,1770960,5
9214,124328,1
9214,1436652,2
9214,861247,1
9214,1210779,2
9214,1471132,3
9214,1143645,3
9214,4789,2
9214,263763,2
9214,2314321,2
9214,927439,2
9215,2412160,2
9215,1636193,5
9215,2119355,3
9215,2096942,2
9215,504584,5
9215,2577931,3
9215,634364,5
9215,447347,4
13376,952053,2
13377,2334849,3
13377,2616854,5
13377,2258907,3
13377,1673354,4
13377,2442037,4
13377,1863085,5
13377,123960,5
13377,1645778,5
13377,1473145,3
13377,656599,5
13377,2525513,2
13377,1062927,3
13377,1781497,5
13377,2511695,3
13377,1847446,4
13377,2465438,4
13377,130532,4
13378,512568,4
13378,741088,4
13378,1319243,4
13378,2511906,5
13378,1681087,2
13378,1990685,1
13378,37000,2
13378,684891,4
13378,1247726,4
13378,2268768,4
13378,2493592,2
13378,228231,5
13378,175014,3
13378,651763,5
13378,639192,3
13378,2015526,4
13378,2541027,3
13378,1419888,4
13378,232264,1
13378,111942,5
13378,321517,5
13378,2630093,4
13378,2605273,3
13378,1848294,5
13378,1800455,5
13378,896274,5
13378,1582615,2
13378,40425,2
13378,204384,5
13378,84498,3
13378,2359405,2
13378,2415719,4
13378,53110,1
13378,799653,3
13378,1327129,3
13378,1762099,5
13378,2254856,5
13378,32153,3
13378,1611079,3
13378,659983,3
13378,52736,5
13378,1983599,5
13378,2416323,3
13378,1312635,3
13378,924469,3
13378,121982,3
13378,2261474,3
13378,1098765,5
13378,2492463,4
13378,2066923,5
13378,1526284,4
13378,1403056,5
13378,1643251,5
13378,2209351,5
13378,2461463,4
13378,635070,4
13378,734090,4
13378,1312985,4
13378,1888507,5
13378,277442,3
13378,1461960,5
13378,1648502,3
13378,231403,4
13378,1117018,5
13378,2281298,3
13378,2209885,2
13378,1659633,4
13378,1943181,5
13378,267699,4
13378,691331,3
13378,745447,5
13378,706487,5
13378,352821,4
13378,651269,4
13378,2638675,2
13378,570629,5
13378,1424375,5
13378,786529,3
13378,1187919,2
13378,1524079,5
13378,1002517,5
13378,1498180,5
13378,2547768,5
13378,218972,5
13378,1372264,4
13378,2300656,4
13378,1435829,3
13378,2254641,5
13378,1821069,5
13378,2001029,2
13378,2055909,4
13378,1130442,5
13378,646719,4
13378,1636487,4
13378,4277,4
13378,2434871,4
13378,2187252,4
13378,2251346,4
13378,7963,4
13378,1487647,3
13378,615344,3
13378,1316136,5
13378,1201077,5
13378,2517928,4
13379,1918542,4
13379,692876,4
13379,2022171,4
13379,892887,4
13379,1892244,4
13379,2032455,5
13379,268817,5
13379,2357868,4
13379,2036782,4
13379,1976615,3
13379,477705,5
13379,1593040,4
13380,2091492,4
13380,1696335,3
13380,851546,5
13380,983229,4
13380,268651,5
13380,205540,4
13380,1565242,3
13380,167024,4
13380,556134,4
13380,1444103,3
13380,175826,5
13380,1520772,4
13380,320979,4
13380,795593,4
13380,1175987,4
13380,1199467,4
13380,718211,3
13380,2536464,4
13380,1240922,4
13380,1414620,3
13380,2385295,3
13380,663249,5
13380,1619734,5
13380,198613,5
13380,598641,3
13380,2358429,5
13380,2275895,5
13380,787084,5
13380,2094602,3
13380,1868979,4
13380,509179,3
13380,2033859,3
13380,904187,4
13380,1962676,4
13380,2285798,5
13380,751109,3
13380,2222888,4
13380,562644,4
13380,1600480,5
13380,2546720,4
13380,1210305,5
13380,1722187,4
13380,1193260,3
13381,1361044,3
13381,2048177,4
13381,382730,3
13381,470843,1
13381,9803,4
13381,823802,3
13381,1062070,3
13381,952289,4
13381,2365924,4
13381,285574,1
13381,1158639,5
13381,2073883,4
13381,1933537,4
13381,2342727,1
13381,1263575,5
13381,1198172,2
13381,23416,3
13381,1102513,5
13381,1296447,4
13381,740330,2
13382,593670,4
13382,2051338,5
13382,1429758,4
13382,2026268,3
13382,638521,4
13382,1424243,4
13382,1675858,5
13382,213630,4
13382,633956,4
13382,1642148,3
13382,2526422,3
13382,259097,2
13382,1084917,3
13382,822351,2
13382,1098451,3
13382,2080184,3
13382,2153033,1
13382,2646545,2
13382,2314733,3
13382,773361,4
13382,1252174,4
13382,708082,4
13382,1578607,4
13382,655167,2
13382,949770,4
13382,1398706,2
13382,2564257,4
13382,2580465,3
13382,296319,5
13382,1623924,3
13382,1165840,5
13382,1434472,3
13382,29672,5
13383,415415,5
13383,2573199,3
13383,1772714,4
13383,2221133,5
13383,447634,4
13383,1211245,4
13383,523707,5
13383,2358715,3
13383,334247,5
13383,2311261,2
13383,220034,5
13383,903737,2
13383,640019,3
13383,541497,4
13383,253932,5
13383,2070178,5
13383,972267,5
13383,2332341,5
13383,1794847,4
13383,1957291,2
13383,1199961,3
13383,2619960,4
13383,2110562,4
13383,1777459,2
13383,979954,4
13383,104422,4
13383,145239,2
13383,139969,3
13383,1735584,5
13383,1834396,2
13383,1601556,3
13383,8175,2
13383,1664337,5
13383,1304543,4
13383,1585759,4
13383,1654243,4
13383,1637299,5
13383,1997477,2
13383,1928647,3
13383,159236,4
13383,1049702,3
13384,2054455,5
13384,804098,5
13384,132564,3
13384,1421246,4
13384,2466286,5
13384,2291268,4
13384,1371083,3
13384,531508,3
13384,2159065,4
13384,1034042,5
13384,1986255,4
13384,2310236,4
13384,1961032,2
13384,1207961,4
13384,699437,4
13384,778576,5
13384,1165233,5
13384,1628749,3
13384,445041,5
13384,1035350,4
13384,1479467,4
13384,1027430,4
13384,123756,5
13384,1949208,5
13384,1821444,3
13384,1087490,5
13384,1465938,3
13384,2444422,4
13384,2071716,4
13384,869490,4
13384,2249230,4
13384,633956,4
13384,809796,3
13384,2600942,3
13384,299097,4
13384,2044864,4
13384,1033428,3
13384,2262930,5
13384,2070267,3
13384,1707418,3
13384,959210,5
13384,1331518,5
13384,322622,4
13384,547358,5
13384,1129621,4
13384,1172033,2
13384,1531725,5
13384,1653118,5
13384,156064,4
13384,658574,4
13384,1483061,5
13384,1990184,3
13384,1365120,3
13384,1495851,4
13384,1432546,3
13384,503937,5
13384,22061,4
13384,2584145,5
13384,392544,4
13384,504042,5
13384,2293062,3
13384,1799571,3
13384,932272,3
13384,1698898,4
13384,921717,3
13384,1919885,4
13384,851045,4
13384,408562,4
13384,2046735,3
13384,2219456,3
13384,109023,5
13384,230188,5
13384,281745,5
13384,2524129,5
13384,391065,5
13384,2294865,4
13384,457157,5
13384,300483,4
13384,1112129,3
13384,181312,4
13384,2420054,5
13384,1485093,5
13384,983973,4
13384,2110664,4
13384,977026,3
13384,1793476,3
13384,453772,4
13384,978226,5
13384,253064,5
13384,21953,3
13384,2248584,5
13384,534178,4
13384,1388450,4
13384,856764,4
13384,389240,4
13384,2081956,4
13384,1541516,5
13384,1837986,4
13384,2415194,4
13384,2214360,4
13384,905370,5
13384,89487,5
13384,2091041,4
13384,2278112,5
13384,1433740,4
13385,1231125,3
13385,2262019,4
13385,98724,4
13385,409104,4
13385,2271973,3
13385,741715,3
13385,1751681,4
13385,630882,1
13385,2277793,2
13385,239234,4
13385,1546243,2
13386,2521681,1
13386,1427494,3
13386,833416,5
13386,1719096,5
13386,492540,1
13387,736296,3
13387,1129746,5
13387,692533,4
13387,246333,5
13387,1127513,5
13387,574577,4
13388,765164,3
13388,521478,4
13388,204129,5
13388,838456,5
13388,2423307,5
13388,723108,4
13388,1923206,5
13388,122746,5
13388,2593556,1
13388,1865946,4
13388,2421516,5
13388,1846864,3
13388,2630827,4
13388,2367637,5
13388,382186,4
13388,1510160,5
13388,400268,5
13388,332808,4
13388,1539182,4
13388,434041,1
13388,1326015,1
13388,1604464,4
13388,2470948,2
13388,2628010,5
13388,2226562,5
13388,1672508,3
13388,624311,3
13388,1600387,3
13388,1789343,3
13388,1178375,1
13388,2471884,4
13388,719094,4
13388,326305,5
13388,1795387,4
13388,705292,2
13388,631455,5
13388,2636616,1
13388,2617775,4
13388,2205851,2
13388,344170,5
13388,1385657,4
13388,426208,5
13388,1245528,5
13388,1304106,3
13388,948030,4
13388,1327372,5
13388,2549488,4
13388,1653519,2
13388,2237957,2
13388,656599,5
13388,1136003,3
13388,1952630,4
13388,249472,2
13388,383984,3
13388,2029909,4
13388,493226,5
13388,1771752,3
13388,2296149,3
13388,720433,3
13388,2186547,5
13388,1294372,5
13388,789403,3
13388,2090378,4
13388,1199818,5
13388,1643729,4
13388,1738239,4
13388,2401629,2
13388,1779229,4
13388,1920490,4
13388,2126760,5
13388,959885,4
13388,1544814,4
13388,981941,2
13388,874333,4
13388,2329366,3
13388,2624009,3
13388,62694,5
13388,1021435,4
13388,869544,3
13388,2317,4
13388,2587510,2
13388,2627947,2
13388,1790076,4
13388,1755477,5
13368,1288980,3
13368,907430,2
13368,1205638,3
13368,1180795,5
13368,2342499,4
13368,1292780,5
13368,2058438,5
13368,1290963,4
13368,419963,4
13369,2106857,5
13369,439559,5
13369,353668,5
13369,1122983,3
13370,1271172,4
13370,2588015,3
13370,470232,3
13370,652143,3
13370,1850670,3
13370,884354,3
13370,2081837,4
13370,1056823,4
13370,1455914,4
13370,307313,5
13370,708293,5
13370,2009727,4
13370,2465455,3
13370,595285,1
13370,1277211,3
13370,1852254,4
13370,275799,4
13370,755712,3
13370,1889770,4
13370,2065772,5
13370,1594956,5
13370,1956684,4
13370,1487716,4
13370,2111410,4
13370,2297386,2
13370,1954705,5
13370,1696758,3
13370,2337865,4
13370,620333,4
13370,1549440,2
13371,1770537,5
13372,530475,5
13372,1445085,2
13374,1511061,3
13374,1582714,3
13374,1999564,4
13374,1392077,2
13374,2499019,3
13374,1423772,2
13374,2262602,4
13374,1816733,3
13374,609959,1
13374,665252,3
13374,2583753,4
13374,1664178,3
13374,1252722,5
13374,2410249,3
13374,1788430,3
13374,1296686,4
13375,2097608,5
13375,633598,3
13375,2395077,4
13375,2338679,5
13375,895935,3
